{
  "project_info": {
    "project_number": "353687929288",
    "firebase_url": "https://qzqk-aeb4c.firebaseio.com",
    "project_id": "qzqk-aeb4c",
    "storage_bucket": "qzqk-aeb4c.appspot.com"
  },
  "client": [
    {
      "client_info": {
        "mobilesdk_app_id": "1:353687929288:android:61b57f41f0f1c9a62580fd",
        "android_client_info": {
          "package_name": "com.example.qzqk"
        }
      },
      "oauth_client": [
        {
          "client_id": "353687929288-29l8vpe6919csqt6b5a069bt7cfm5a77.apps.googleusercontent.com",
          "client_type": 3
        }
      ],
      "api_key": [
        {
          "current_key": "AIzaSyAt7P-bcNun9ru46AMqaz0X8W1w2HSxywg"
        }
      ],
      "services": {
        "appinvite_service": {
          "other_platform_oauth_client": [
            {
              "client_id": "353687929288-29l8vpe6919csqt6b5a069bt7cfm5a77.apps.googleusercontent.com",
              "client_type": 3
            }
          ]
        }
      }
    }
  ],
  "configuration_version": "1"
}